id,name,age
1,Constance Issac,77
2,Leon Munger,38
3,Roger Cerda,63
4,Eric Perry,38
5,Sabrina Mcbride,66
6,James Davy,67
7,Violet Oneill,60
8,Melissa Lara,79
9,Paul Olmsted,71
10,Raymond Bowker,95
11,Jessi Bell,10
12,Linda Venneri,34
13,Kristen Silva,79
14,Mitchell Mchale,26
15,Floyd Tindle,4
16,Peter Smith,40
17,Natividad Walstrum,15
18,Steve Gama,7
19,John Johnson,29
20,Bennie Stogsdill,19
21,Jon Meczywor,40
22,Violet Rawe,76
23,Rosemarie Jones,65
24,Thelma Horwath,14
25,Russell Tarnoff,20
26,Damon Doty,42
27,Donald Oneal,87
28,Jennifer Taylor,15
29,Roman Watt,67
30,Christopher Donis,36
31,Nicole Uhl,75
32,Natalie Stanley,43
33,Vanessa Bower,3
34,Barbara Scruggs,15
35,Michael Schoeppner,30
36,Melvin Ramos,20
37,Glenn Holloway,79
38,Jonathan Heim,99
39,Shawn Sessions,77
40,Sarah Melo,30
41,David Schrum,63
42,Ambrose Summers,1
43,Donald Weakland,9
44,Robert Oiler,91
45,Dara Rogers,25
46,Martin Hager,31
47,Lawrence Espinosa,100
48,Carole Allen,92
49,Cathy Serna,45
50,Suzanne Young,22
51,John Mcmillin,51
52,Jennifer Bibbins,33
53,John Thao,82
54,Robert Thompson,14
55,Willie Fuhrman,5
56,Melissa Arnold,19
57,Shawn Goldtrap,51
58,Anthony Jeanlouis,99
59,Annette Gallagher,13
60,Berta Jenkins,88
61,Robert Rose,81
